Title,Period,Studio,Category,Platforms,Role,TechStack,Status,ProjectLink,ImageUrl,Featured,Description
"Gati","Aug 2025 – Jul 2026","Dyumn Tech Private Limited","Multiplayer","Android, iOS","Ability Framework & Real-Time Sockets","Unity, Socket.io, VFX, Audio, FTUE, Ability System","Production","https://play.google.com/store/apps/details?id=com.virbhumi.gati","https://www.virbhumi.com/images/gati-lite.png","Yes","Implementation of ability framework for players and socket addition with VFX and audio. Created race reward screen, FTUE onboarding, obstacles, and ability selection system."
"Virbhumi","Mar 2024 – Jul 2025","Dyumn Tech Private Limited","Mobile & RMG","Android, iOS","Core Gameplay & GraphQL Backend","Unity, GraphQL, Shaders, Recycle ScrollView, VFX, Turn Logic","Production","https://play.google.com/store/apps/details?id=com.virbhumi.original&hl=en_US","https://play-lh.googleusercontent.com/JgT-yIFPrkgiCR2S3ZWxhnTIbt0hfx4Qghhu-qmahT2GIHSEeRzocjSwfWLbrsxKqA_judj4SAFgUSZugALLLw=s0-br30","Yes","Engineered Sort & Filter, Gradient shader, Card UI (Information, merge, lock), Battle History/Bookmark, Challenge to friends, Spardha & Ashwamedh pagination, daily rewards, dynamic webview, and turn connection logic with backend."
"Cadaviz","Oct 2023 – Feb 2024","Immersivevision Technology Pvt Limited","Simulations & EdTech","PC","Physiology/Embryology & Addressables Optimization","Unity, Addressables, ScriptableObjects, Editor Tools, RAM Tuning","Medical & Science","https://immersivelabz.com/cadaviz/","https://immersivelabz.com/wp-content/uploads/2024/10/cadaviz.png","Yes","Implemented Physiology and Embryology modules. Optimized build by converting prefabs to Addressables for low RAM footprint and faster loading. Created custom Editor tools for Histopathology content and labels."
"Simulab","Sep 2023 – Sep 2023","Immersivevision Technology Pvt Limited","Simulations & EdTech","Android","Interactive Physics & Chemistry Simulator","Unity 3D, Physics Engine, Colliders, Step Sequencing, Audio","Production","https://play.google.com/store/apps/details?id=com.simulab.student&hl=en","https://immersivelabz.com/wp-content/uploads/2024/10/simulab-is-now-available-in-kiosk.png","No","Engineered interactive simulations: Newton's law of cooling, Coefficient of Viscosity, Angle of inclination force, Limiting/normal friction, Criteria of Purity, and Orissa Board 9th biology curriculum."
"Super Pixel Heroes","Mar 2023 – May 2023","GodSpeed Games","Console & PC","Nintendo Switch","Console Porting & Architecture Lead","Nintendo Switch, Unity, TRC, Multiplayer Cleanup, Offline Storage","Shipped","https://play.google.com/store/apps/details?id=com.reliancegames.superpixelheroes&hl=en","https://play-lh.googleusercontent.com/SZubl_-_49P1M4wRgkrun8ReC9o5LnrcE9Svs1fFrtZz_VQB8jovdnNmxSpCtDl0Q1VjQQgfXL_9vb-GDZeEFtw=s0-br30","No","Guided junior developers on console compliance. Cleaned up redundant plugins, fixed online multiplayer dependencies for console portability, and built robust offline data architecture."
"Saint Kotar","Dec 2021 – Feb 2023","GodSpeed Games","Console & PC","Nintendo Switch, PC, Steam","TRC Compliance, Input Systems & FMOD Audio","Nintendo Switch, New Input System, FMOD, Gamepad, Touch Controls","Shipped","https://www.soedesco.com/games/saint-kotar","https://cdn.akamai.steamstatic.com/steam/apps/1358530/header.jpg","Yes","Collaborated on input action UI flow. Engineered gamepad-responsive player movement controller. Refactored New Input System to decouple controller and touch inputs. Integrated FMOD VO and music, deprecating native Unity audio."
"Bomberman Prototype","Aug 2022 – Aug 2022","Independent","Console & PC","PC","Rapid 5-Day Gameplay & AI Architecture","Unity 2D, Runtime Level Gen, Enemy AI, Bomb Physics, C#","Prototype","https://github.com/yashpatel59684/Bomberman_Unity_PC","https://opengraph.githubassets.com/1/yashpatel59684/Bomberman_Unity_PC","No","Built full gameplay prototype in 5 days. Runtime level generation scripts, adaptive enemy AI that evades player as group diminishes, blast radius physics, and destruction mechanics."
"Jessika","Jul 2021 – Oct 2021","GodSpeed Games","Mobile & RMG","Android, iOS","800MB to 80MB Compression & Scene Streaming","Unity, Addressables, AWS S3, Video Compression, Google Play","Shipped","https://apkpure.com/jessika/com.tritriegames.jessika","https://cdn.akamai.steamstatic.com/steam/apps/1251980/header.jpg","Yes","Compressed game build from 800 MB to 80 MB, and RAM from 1 GB to 250 MB via video, texture, and audio encoding. Setup AWS S3 scene streaming via Addressables. Integrated Google Play & Game Center login and achievements."
"Carscan","Feb 2021 – Jun 2021","GodSpeed Games","Tools & Architecture","Android, iOS","Offline-First Enterprise Framework & UI Engine","Unity, UniTask / Multi-threading, Firebase, Smartlook, WebView","Shipped","https://play.google.com/store/apps/details?id=com.carscan.live&hl=en_US","https://www.godspeedgames.com/wp-content/uploads/2024/11/White-Flat-e1733133515322.png","No","Developed custom dynamic UI framework handling multi-company inspection workflows. Built offline caching that auto-syncs when online. Multi-threading via Uni-thread, Firebase deep-linking, Smartlook analytics, and WebView payment checkout."
"Skip em","Mar 2021 – Apr 2021","GodSpeed Games","Mobile & RMG","Android","Low-End Device 1GB RAM Optimization","Unity 3D, Mesh Combiner, Light Baking, Frame Debugger, Profiling","Shipped","https://apkpure.com/skip-em/com.godspeedgames.skipthem","https://www.godspeedgames.com/wp-content/uploads/2024/11/White-Flat-e1733133515322.png","No","Resolved physics code and audio bugs. Optimized 3D scenes for 1GB RAM low-end devices using light-baked prefabs and Mesh Combiner compression. Verified with frame debugging and profiling."
"The ClassRoom","Oct 2020 – Jan 2021","Vasundhara Infotech","Multiplayer","Android, iOS","5-Game Online Multiplayer Suite","Unity 2D, Socket.io, Multiplayer, UI Animations, Network Sync","Shipped","https://www.linkedin.com/in/yash-patel-9b42b1150/details/projects/","https://www.vasundhara.io/images/svg/logo.svg","Yes","Engineered real-time online multiplayer for 5 casual board games (Tic Tac Toe, Bingo, DOTS, Snake & Ladder, Ludo) with socket layer, optimized turn animations, and network stabilization."
"Just moving","Oct 2020 – Nov 2020","Vasundhara Infotech","Mobile & RMG","iOS","Swipe Controller, Collision & Shop Monetization","Unity 3D, Low-Poly Assets, Collision Physics, IAP, Economy","Shipped","https://play.google.com/store/apps/details?id=com.protostar.mowing&hl=en_US","https://play-lh.googleusercontent.com/uF1kaTLbjCtmOuDQJOBtrvr3gcX2was0mTJhxMZLGDpiLB3C1O4HYeTY7nfGv6-DQ33to4Uwea8cglRvg0TEXg=s0-br30","No","Built swipe-driven tractor controls, realistic grass-cutting collisions, monetized economy shop with IAPs and coin rewards, maintaining high FPS with low-poly assets."
"Ludo KBC","Aug 2020 – Oct 2020","Vasundhara Infotech","Multiplayer","Android","Real-Money Gaming & Cashfree Gateway","Unity, Cashfree, Best HTTP, WebSockets, OTP Auth, WebView","Shipped","https://www.linkedin.com/in/yash-patel-9b42b1150/details/projects/","https://www.vasundhara.io/images/svg/logo.svg","No","Built high-concurrency real-money Ludo platform with Cashfree payment gateway, OTP login, unified online/offline gameplay state, and Best HTTP socket connection layer."
"Star Basketball","Jun 2020 – Jul 2020","Vasundhara Infotech","Mobile & RMG","iOS","IK/CCD Animations & Versus AI","Unity 2D, Inverse Kinematics (IK/CCD), Versus AI, Map System","Shipped","https://play.google.com/store/apps/details?id=com.doubletapsoftware.basketballbattle&hl=en","https://play-lh.googleusercontent.com/LjaPzmvSjtFV2vKoXr48xn6hWwSIF6RG4V57jZcZEyqzmN9WVmC8VLaIf2mT8IaQ1s4asoedk6yJSYpUZM9a=s0-br30","No","Created IK/CCD-driven character dunk animations, competitive versus AI bot, and arena level management across multiple unique court designs."
"Pizza Xishi","Dec 2019 – May 2020","Vasundhara Infotech","Mobile & RMG","iOS","Gameplay Prototype, i2 Localization & IAP","Unity 2D, i2 Localization, Obstacle Patterns, In-App Purchases","Shipped","https://github.com/yashpatel59684/PizzaXishi_Unity_iOS","https://opengraph.githubassets.com/1/yashpatel59684/PizzaXishi_Unity_iOS","No","Engineered platformer mechanics with dynamic obstacle patterns, multi-language support via i2 localization, inventory customization, coin collection, and cosmetic IAP upgrades."
"Mazino","Apr 2020 – Apr 2020","Vasundhara Infotech","Mobile & RMG","iOS","Swipe Maze Navigation & Dynamic Camera","Unity 2D, Pathfinding, Adaptive Camera, Swipe Input","Shipped","https://play.google.com/store/apps/details?id=com.escogitare.amazeng&hl=en","https://play-lh.googleusercontent.com/pnjG0757Th9ah6QIo3t95ijMFhZzlKLKSI7z02KC03Kyh6E17Xdx37NF6gujAyXhY88qEGI0OHBf9Y72YL3Hd6M=s0-br30","No","Engineered swipe-based maze navigation with difficulty-aware pathfinding algorithms and dynamic camera framing adapting to changing level layouts."
"Vulcan","Mar 2020 – Mar 2020","Vasundhara Infotech","Mobile & RMG","iOS","Pizza Slice Puzzle Algorithm & High-Score","Unity 2D, Sorting & Search Algorithms, Puzzle Logic, High-Scores","Shipped","https://play.google.com/store/apps/details?id=com.mnightt.slices&hl=en_US","https://play-lh.googleusercontent.com/DhHYg1FqAo_yuqkTiF067q0vQMF2NT6B9JmPGj9T4-PTYH-Gogch63kyc3YwOaU0Z84hAb83cqoWzNnJw8Vy9j0=s0-br30","No","Implemented puzzle mechanics generating randomized pizza slices, verified slice placements using custom sorting algorithms, with high-score collection reward loop."
"PAF Live","Feb 2020 – Feb 2020","Vasundhara Infotech","Mobile & RMG","iOS","3D Jenga Touch Controller & Spawner","Unity 3D, Touch Input, Dynamic Spawning, Pass-n-Play / AI","Shipped","https://play.google.com/store/apps/details?id=com.maximesc.balancedtower&hl=en","https://play-lh.googleusercontent.com/awRkoTmvqEQFXvOsf2qZ1Ye6KYyIjex-RYiGGlkkFXeL4tF40CczVlVJgFLBTEFZ2k7VkWGCSjBC44fijTCG=s0-br30","No","Built 3D Jenga-style physics gameplay with touch block manipulation, infinite block spawning logic, and modes for single-player, local two-player, and AI opponents."
"The Bwin-Win","Feb 2020 – Feb 2020","Vasundhara Infotech","Mobile & RMG","iOS","State-Machine Badminton Gameplay against AI","Unity 2D, State Machines, Sports AI, Animation Controller","Shipped","https://www.linkedin.com/in/yash-patel-9b42b1150/details/projects/","https://www.vasundhara.io/images/svg/logo.svg","No","Developed state-machine-driven badminton match logic against intelligent AI, handling shot trajectories, smash timing, and responsive character animations."
"Hoops Dunk","Jan 2020 – Jan 2020","Vasundhara Infotech","Mobile & RMG","iOS","Physics Rope-and-Bomb Basket Mechanics","Unity 2D, Rope Physics, Trajectory, Unlockables","Shipped","https://apps.apple.com/il/app/hoops-dunk/id1457447214","https://is1-ssl.mzstatic.com/image/thumb/Purple113/v4/92/e8/4d/92e84d55-a9f5-cacf-37f2-365c4ae7ee05/AppIcon-0-1x_U007emarketing-0-85-220-10.png/1200x630wa.jpg","No","Created physics-driven rope-and-bomb basketball mechanics, touch jump trajectories, and reward unlocking systems with celebratory particle animations."
"Matific Galaxy (Card Counter)","Dec 2019 – Dec 2019","Vasundhara Infotech","Mobile & RMG","Android","Children's Card Counter & DoTween Animations","Unity 2D, DoTween, Particle System, Card Mathematics","Shipped","https://matific-galaxy-maths-games-f.en.softonic.com/android","https://www.matific.com/dist/images/logo.svg","No","Card counter game for children in an educational suite. Shuffled and positioned cards with DoTween and Particle Systems, validating 3-card sets that sum to 10 points."
"Elevator Challenge","Oct 2019 – Oct 2019","KTHM College / Kidaura Innovation","Tools & Architecture","Desktop, Python","Iterating Elevator Algorithm","Python, Algorithm Optimization, Data Structures","Academic / Industry","https://github.com/yashpatel59684/Kidaura_Python","https://opengraph.githubassets.com/1/yashpatel59684/Kidaura_Python","No","Designed algorithmic solution for the iterating multi-floor elevator scheduling challenge from Kidaura Innovation."
"Manatale Bol","Jun 2019 – Sep 2019","KTHM College, Nashik (SPPU)","Tools & Architecture","Web, Full-Stack","Django Social Networking Platform","Django, Python, JavaScript, SQL, REST","Master's Final Year","https://github.com/yashpatel59684/ManataleBol_Django","https://opengraph.githubassets.com/1/yashpatel59684/ManataleBol_Django","No","Open social networking site for user feeds, image uploads, thought posts, mood status tracking, and public post lifecycle management."
"Smart City","Nov 2018 – Mar 2019","KTHM College, Nashik (SPPU)","Tools & Architecture","IoT, Hardware, Android","IoT Sensor Network & Arduino Lead","IoT, Arduino C++, Sensors, Android, Cloud Service","Master's First Year","https://github.com/yashpatel59684/SmartCity-IOT","https://opengraph.githubassets.com/1/yashpatel59684/SmartCity-IOT","No","Comprehensive IoT system: smart parking, automated water supply with soil moisture detection, air pollution & temperature sensors, admin dashboard, and Android citizen alert app."
"Mitro","Oct 2017 – Mar 2018","S.S.R. College of ACS, Silvassa (SPPU)","Tools & Architecture","Web, PHP","Bus Reservation Web Application","PHP, MySQL, JavaScript, HTML/CSS, Bootstrap","Bachelor's Final Year","https://github.com/yashpatel59684/Mitro_PHP","https://opengraph.githubassets.com/1/yashpatel59684/Mitro_PHP","No","Full-stack web application for bus ticket reservations, driver & bus dispatch management, route scheduling, seat availability maps, and automated bill printing."